James,Butt,Benton, John B Jr,6649 N Blue Gum St,New Orleans,Orleans,LA,70116,504-621-8927,504-845-1427,jbutt@gmail.com,http://www.bentonjohnbjr.com
Josephine,Darakjy,Chanay, Jeffrey A Esq,4 B Blue Ridge Blvd,Brighton,Livingston,MI,48116,810-292-9388,810-374-9840,josephine_darakjy@darakjy.org,http://www.chanayjeffreyaesq.com
Art,Venere,Chemel, James L Cpa,8 W Cerritos Ave #54,Bridgeport,Gloucester,NJ,08014,856-636-8749,856-264-4130,art@venere.org,http://www.chemeljameslcpa.com
Simona,Morasca,Chapman, Ross E Esq,3 Mcauley Dr,Ashland,Ashland,OH,44805,419-503-2484,419-800-6759,simona@morasca.com,http://www.chapmanrosseesq.com
Kris,Marrier,King, Christopher A Esq,228 Runamuck Pl #2808,Baltimore,Baltimore City,MD,21224,410-655-8723,410-804-4694,kris@gmail.com,http://www.kingchristopheraesq.com
Minna,Amigon,Dorl, James J Esq,2371 Jerrold Ave,Kulpsville,Montgomery,PA,19443,215-874-1229,215-422-8694,minna_amigon@yahoo.com,http://www.dorljamesjesq.com
Cammy,Albares,Rousseaux, Michael Esq,56 E Morehead St,Laredo,Webb,TX,78045,956-537-6195,956-841-7216,calbares@gmail.com,http://www.rousseauxmichaelesq.com
Meaghan,Garufi,Bolton, Wilbur Esq,69734 E Carrillo St,Mc Minnville,Warren,TN,37110,931-313-9635,931-235-7959,meaghan@hotmail.com,http://www.boltonwilburesq.com
Willard,Kolmetz,Ingalls, Donald R Esq,618 W Yakima Ave,Irving,Dallas,TX,75062,972-303-9197,972-896-4882,willard@hotmail.com,http://www.ingallsdonaldresq.com
Maryann,Royster,Franklin, Peter L Esq,74 S Westgate St,Albany,Albany,NY,12204,518-966-7987,518-448-8982,mroyster@royster.com,http://www.franklinpeterlesq.com
Allene,Iturbide,Ledecky, David Esq,1 Central Ave,Stevens Point,Portage,WI,54481,715-662-6764,715-530-9863,allene_iturbide@cox.net,http://www.ledeckydavidesq.com
Ezekiel,Chui,Sider, Donald C Esq,2 Cedar Ave #84,Easton,Talbot,MD,21601,410-669-1642,410-235-8738,ezekiel@chui.com,http://www.siderdonaldcesq.com
Bernardo,Figeroa,Clark, Richard Cpa,386 9th Ave N,Conroe,Montgomery,TX,77301,936-336-3951,936-597-3614,bfigeroa@aol.com,http://www.clarkrichardcpa.com
Ammie,Corrio,Moskowitz, Barry S,74874 Atlantic Ave,Columbus,Franklin,OH,43215,614-801-9788,614-648-3265,ammie@corrio.com,http://www.moskowitzbarrys.com
Albina,Glick,Giampetro, Anthony D,4 Ralph Ct,Dunellen,Middlesex,NJ,08812,732-924-7882,732-782-6701,albina@glick.com,http://www.giampetroanthonyd.com
Solange,Shinko,Mosocco, Ronald A,426 Wolf St,Metairie,Jefferson,LA,70002,504-979-9175,504-265-8174,solange@shinko.com,http://www.mosoccoronalda.com
Fatima,Saylors,Stanton, James D Esq,2 Lighthouse Ave,Hopkins,Hennepin,MN,55343,952-768-2416,952-479-2375,fsaylors@saylors.org,http://www.stantonjamesdesq.com
Kanisha,Waycott,Schroer, Gene E Esq,5 Tomahawk Dr,Los Angeles,Los Angeles,CA,90006,323-453-2780,323-315-7314,kanisha_waycott@yahoo.com,http://www.schroergeneeesq.com
Karl,Klonowski,Rossi, Michael M,76 Brooks St #9,Flemington,Hunterdon,NJ,08822,908-877-6135,908-470-4661,karl_klonowski@yahoo.com,http://www.rossimichaelm.com
Deeanna,Juhas,Healy, George W Iv,14302 Pennsylvania Ave,Huntingdon Valley,Montgomery,PA,19006,215-211-9589,215-417-9563,deeanna_juhas@gmail.com,http://www.healygeorgewiv.com
Jamal,Vanausdal,Hubbard, Bruce Esq,53075 Sw 152nd Ter #615,Monroe Township,Middlesex,NJ,08831,732-234-1546,732-904-2931,jamal@vanausdal.org,http://www.hubbardbruceesq.com
Maurine,Yglesias,Schultz, Thomas C Md,59 Shady Ln #53,Milwaukee,Milwaukee,WI,53214,414-748-1374,414-573-7719,maurine_yglesias@yglesias.com,http://www.schultzthomascmd.com
Ilene,Eroman,Robinson, William J Esq,2853 S Central Expy,Glen Burnie,Anne Arundel,MD,21061,410-914-9018,410-937-4543,ilene.eroman@hotmail.com,http://www.robinsonwilliamjesq.com
Bobbye,Rhym,Smits, Patricia Garity,30 W 80th St #1995,San Carlos,San Mateo,CA,94070,650-528-5783,650-811-9032,brhym@rhym.com,http://www.smitspatriciagarity.com
Moon,Parlato,Ambelang, Jessica M Md,74989 Brandon St,Wellsville,Allegany,NY,14895,585-866-8313,585-498-4278,moon@yahoo.com,http://www.ambelangjessicammd.com
Lettie,Isenhower,Conte, Christopher A Esq,70 W Main St,Beachwood,Cuyahoga,OH,44122,216-657-7668,216-733-8494,lettie_isenhower@yahoo.com,http://www.contechristopheraesq.com
Lai,Gato,Fligg, Kenneth I Jr,37 Alabama Ave,Evanston,Cook,IL,60201,847-728-7286,847-957-4614,lai.gato@gato.org,http://www.fliggkennethijr.com
Stephen,Emigh,Sharp, J Daniel Esq,3777 E Richmond St #900,Akron,Summit,OH,44302,330-537-5358,330-700-2312,stephen_emigh@hotmail.com,http://www.sharpjdanielesq.com
Tyra,Shields,Assink, Anne H Esq,3 Fort Worth Ave,Philadelphia,Philadelphia,PA,19106,215-255-1641,215-228-8264,tshields@gmail.com,http://www.assinkannehesq.com
Danica,Bruschke,Stevens, Charles T,840 15th Ave,Waco,McLennan,TX,76708,254-782-8569,254-205-1422,danica_bruschke@gmail.com,http://www.stevenscharlest.com
Wilda,Giguere,Mclaughlin, Luther W Cpa,1747 Calle Amanecer #2,Anchorage,Anchorage,AK,99501,907-870-5536,907-914-9482,wilda@cox.net,http://www.mclaughlinlutherwcpa.com
Natalie,Fern,Kelly, Charles G Esq,7140 University Ave,Rock Springs,Sweetwater,WY,82901,307-704-8713,307-279-3793,natalie.fern@hotmail.com,http://www.kellycharlesgesq.com
Jesusa,Shin,Carroccio, A Thomas Esq,2239 Shawnee Mission Pky,Tullahoma,Coffee,TN,37388,931-273-8709,931-739-1551,jshin@shin.com,http://www.carroccioathomasesq.com
Rolland,Francescon,Stanley, Richard L Esq,2726 Charcot Ave,Paterson,Passaic,NJ,07501,973-649-2922,973-284-4048,rolland@cox.net,http://www.stanleyrichardlesq.com
Shawna,Palaspas,Windsor, James L Esq,5 N Cleveland Massillon Rd,Thousand Oaks,Ventura,CA,91362,805-275-3566,805-638-6617,shawna_palaspas@palaspas.org,http://www.windsorjameslesq.com
Scarlet,Cartan,Box, J Calvin Esq,9390 S Howell Ave,Albany,Dougherty,GA,31701,229-735-3378,229-365-9658,scarlet.cartan@yahoo.com,http://www.boxjcalvinesq.com
Xuan,Rochin,Carol, Drake Sparks Esq,2 Monroe St,San Mateo,San Mateo,CA,94403,650-933-5072,650-247-2625,xuan@gmail.com,http://www.caroldrakesparksesq.com
Lucina,Lary,Matricciani, Albert J Jr,8597 W National Ave,Cocoa,Brevard,FL,32922,321-749-4981,321-632-4668,lucina_lary@cox.net,http://www.matriccianialbertjjr.com
Howard,Paulas,Asendorf, J Alan Esq,866 34th Ave,Denver,Denver,CO,80231,303-623-4241,303-692-3118,hpaulas@gmail.com,http://www.asendorfjalanesq.com
Kimbery,Madarang,Silberman, Arthur L Esq,798 Lund Farm Way,Rockaway,Morris,NJ,07866,973-310-1634,973-225-6259,kimbery_madarang@cox.net,http://www.silbermanarthurlesq.com
Marti,Maybury,Eldridge, Kristin K Esq,4 Warehouse Point Rd #7,Chicago,Cook,IL,60638,773-775-4522,773-539-1058,marti.maybury@yahoo.com,http://www.eldridgekristinkesq.com
Nieves,Gotter,Vlahos, John J Esq,4940 Pulaski Park Dr,Portland,Multnomah,OR,97202,503-527-5274,503-455-3094,nieves_gotter@gmail.com,http://www.vlahosjohnjesq.com
Valentin,Klimek,Schmid, Gayanne K Esq,137 Pioneer Way,Chicago,Cook,IL,60604,312-303-5453,312-512-2338,vklimek@klimek.org,http://www.schmidgayannekesq.com
Audra,Kohnert,Nelson, Karolyn King Esq,134 Lewis Rd,Nashville,Davidson,TN,37211,615-406-7854,615-448-9249,audra@kohnert.com,http://www.nelsonkarolynkingesq.com
Fernanda,Jillson,Shank, Edward L Esq,60480 Old Us Highway 51,Preston,Caroline,MD,21655,410-387-5260,410-724-6472,fjillson@aol.com,http://www.shankedwardlesq.com
Chau,Kitzman,Benoff, Edward Esq,429 Tiger Ln,Beverly Hills,Los Angeles,CA,90212,310-560-8022,310-969-7230,chau@gmail.com,http://www.benoffedwardesq.com
Carissa,Batman,Poletto, Kim David Esq,12270 Caton Center Dr,Eugene,Lane,OR,97401,541-326-4074,541-801-5717,carissa.batman@yahoo.com,http://www.polettokimdavidesq.com
Lezlie,Craghead,Chang, Carolyn Esq,749 W 18th St #45,Smithfield,Johnston,NC,27577,919-533-3762,919-885-2453,lezlie.craghead@craghead.org,http://www.changcarolynesq.com
Carin,Deleo,Redeker, Debbie,1844 Southern Blvd,Little Rock,Pulaski,AR,72202,501-308-1040,501-409-6072,cdeleo@deleo.com,http://www.redekerdebbie.com
Evangelina,Radde,Campbell, Jan Esq,992 Civic Center Dr,Philadelphia,Philadelphia,PA,19123,215-964-3284,215-417-5612,evangelina@aol.com,http://www.campbelljanesq.com
Novella,Degroot,Evans, C Kelly Esq,303 N Radcliffe St,Hilo,Hawaii,HI,96720,808-477-4775,808-746-1865,novella_degroot@degroot.org,http://www.evansckellyesq.com
Jennifer,Fallick,Nagle, Daniel J Esq,44 58th St,Wheeling,Cook,IL,60090,847-979-9545,847-800-3054,jfallick@yahoo.com,http://www.nagledanieljesq.com
Sylvia,Cousey,Berg, Charles E,287 Youngstown Warren Rd,Hampstead,Carroll,MD,21074,410-209-9545,410-863-8263,sylvia_cousey@cousey.org,http://www.bergcharlese.com
Nana,Wrinkles,Ray, Milbern D,6 Van Buren St,Mount Vernon,Westchester,NY,10553,914-855-2115,914-796-3775,nana@aol.com,http://www.raymilbernd.com
Marguerita,Hiatt,Haber, George D Md,82 N Highway 67,Oakley,Contra Costa,CA,94561,925-634-7158,925-541-8521,marguerita.hiatt@gmail.com,http://www.habergeorgedmd.com
Merlyn,Lawler,Nischwitz, Jeffrey L Esq,4671 Alemany Blvd,Jersey City,Hudson,NJ,07304,201-588-7810,201-858-9960,merlyn_lawler@hotmail.com,http://www.nischwitzjeffreylesq.com
Andra,Scheyer,Ludcke, George O Esq,9 Church St,Salem,Marion,OR,97302,503-516-2189,503-950-3068,andra@gmail.com,http://www.ludckegeorgeoesq.com
Felicidad,Poullion,Mccorkle, Tom S Esq,9939 N 14th St,Riverton,Burlington,NJ,08077,856-305-9731,856-828-6021,fpoullion@poullion.com,http://www.mccorkletomsesq.com
Jolanda,Hanafan,Perez, Joseph J Esq,37855 Nolan Rd,Bangor,Penobscot,ME,04401,207-458-9196,207-233-6185,jhanafan@gmail.com,http://www.perezjosephjesq.com
Marge,Limmel,Bjork, Robert D Jr,189 Village Park Rd,Crestview,Okaloosa,FL,32536,850-430-1663,850-330-8079,marge@gmail.com,http://www.bjorkrobertdjr.com
Norah,Waymire,Carmichael, Jeffery L Esq,6 Middlegate Rd #106,San Francisco,San Francisco,CA,94107,415-306-7897,415-874-2984,norah.waymire@gmail.com,http://www.carmichaeljefferylesq.com
Aliza,Baltimore,Andrews, J Robert Esq,1128 Delaware St,San Jose,Santa Clara,CA,95132,408-504-3552,408-425-1994,aliza@aol.com,http://www.andrewsjrobertesq.com
Freeman,Gochal,Kellermann, William T Esq,383 Gunderman Rd #197,Coatesville,Chester,PA,19320,610-476-3501,610-752-2683,freeman_gochal@aol.com,http://www.kellermannwilliamtesq.com
Vincent,Meinerding,Arturi, Peter D Esq,4441 Point Term Mkt,Philadelphia,Philadelphia,PA,19143,215-372-1718,215-829-4221,vincent.meinerding@hotmail.com,http://www.arturipeterdesq.com
Leonida,Gobern,Holmes, Armstead J Esq,5 Elmwood Park Blvd,Biloxi,Harrison,MS,39530,228-235-5615,228-432-4635,leonida@gobern.org,http://www.holmesarmsteadjesq.com
Ressie,Auffrey,Faw, James C Cpa,23 Palo Alto Sq,Miami,Miami-Dade,FL,33134,305-604-8981,305-287-4743,ressie.auffrey@yahoo.com,http://www.fawjamesccpa.com
Taryn,Moyd,Siskin, Mark J Esq,48 Lenox St,Fairfax,Fairfax City,VA,22030,703-322-4041,703-938-7939,taryn.moyd@hotmail.com,http://www.siskinmarkjesq.com
Alex,Loader,Sublett, Scott Esq,37 N Elm St #916,Tacoma,Pierce,WA,98409,253-660-7821,253-875-9222,alex@loader.com,http://www.sublettscottesq.com
My,Rantanen,Bosco, Paul J,8 Mcarthur Ln,Richboro,Bucks,PA,18954,215-491-5633,215-647-2158,my@hotmail.com,http://www.boscopaulj.com
Lorrine,Worlds,Longo, Nicholas J Esq,8 Fair Lawn Ave,Tampa,Hillsborough,FL,33614,813-769-2939,813-863-6467,lorrine.worlds@worlds.com,http://www.longonicholasjesq.com
Daron,Dinos,Wolf, Warren R Esq,18 Waterloo Geneva Rd,Highland Park,Lake,IL,60035,847-233-3075,847-265-6609,daron_dinos@cox.net,http://www.wolfwarrenresq.com
Carey,Dopico,Garofani, John Esq,87393 E Highland Rd,Indianapolis,Marion,IN,46220,317-578-2453,317-441-5848,carey_dopico@dopico.org,http://www.garofanijohnesq.com
Stevie,Westerbeck,Wise, Dennis W Md,26659 N 13th St,Costa Mesa,Orange,CA,92626,949-867-4077,949-903-3898,stevie.westerbeck@yahoo.com,http://www.wisedenniswmd.com
Alecia,Bubash,Petersen, James E Esq,6535 Joyce St,Wichita Falls,Wichita,TX,76301,940-276-7922,940-302-3036,alecia@aol.com,http://www.petersenjameseesq.com
Theodora,Restrepo,Kleri, Patricia S Esq,42744 Hamann Industrial Pky #82,Miami,Miami-Dade,FL,33136,305-936-8226,305-573-1085,theodora.restrepo@restrepo.com,http://www.kleripatriciasesq.com
Casie,Good,Papay, Debbie J Esq,5221 Bear Valley Rd,Nashville,Davidson,TN,37211,615-390-2251,615-825-4297,casie.good@aol.com,http://www.papaydebbiejesq.com
Filiberto,Tawil,Flash, Elena Salerno Esq,3882 W Congress St #799,Los Angeles,Los Angeles,CA,90016,323-765-2528,323-842-8226,ftawil@hotmail.com,http://www.flashelenasalernoesq.com
Raul,Upthegrove,Neeley, Gregory W Esq,4 E Colonial Dr,La Mesa,San Diego,CA,91942,619-509-5282,619-666-4765,rupthegrove@yahoo.com,http://www.neeleygregorywesq.com
Tresa,Sweely,Grayson, Grant S Esq,22 Bridle Ln,Valley Park,Saint Louis,MO,63088,314-359-9566,314-231-3514,tresa_sweely@hotmail.com,http://www.graysongrantsesq.com
Jenelle,Regusters,Haavisto, Brian F Esq,3211 E Northeast Loop,Tampa,Hillsborough,FL,33619,813-932-8715,813-357-7296,jregusters@regusters.com,http://www.haavistobrianfesq.com
Goldie,Schirpke,Reuter, Arthur C Jr,34 Saint George Ave #2,Bangor,Penobscot,ME,04401,207-295-7569,207-748-3722,goldie.schirpke@yahoo.com,http://www.reuterarthurcjr.com
Loreta,Timenez,Kaminski, Katherine Andritsaki,47857 Coney Island Ave,Clinton,Prince Georges,MD,20735,301-696-6420,301-392-6698,loreta.timenez@hotmail.com,http://www.kaminskikatherineandritsaki.com
Lilli,Scriven,Hunter, John J Esq,33 State St,Abilene,Taylor,TX,79601,325-631-1560,325-667-7868,lilli@aol.com,http://www.hunterjohnjesq.com
Jesusita,Flister,Schoen, Edward J Jr,3943 N Highland Ave,Lancaster,Lancaster,PA,17601,717-885-9118,717-686-7564,jesusita.flister@hotmail.com,http://www.schoenedwardjjr.com
Caitlin,Julia,Helderman, Seymour Cpa,5 Williams St,Johnston,Providence,RI,02919,401-948-4982,401-552-9059,caitlin.julia@julia.org,http://www.heldermanseymourcpa.com
Roosevelt,Hoffis,Denbrook, Myron,60 Old Dover Rd,Hialeah,Miami-Dade,FL,33014,305-622-4739,305-302-1135,roosevelt.hoffis@aol.com,http://www.denbrookmyron.com
Helaine,Halter,Lippitt, Mike,8 Sheridan Rd,Jersey City,Hudson,NJ,07304,201-832-4168,201-412-3040,hhalter@yahoo.com,http://www.lippittmike.com
Lorean,Martabano,Hiram, Hogg P Esq,85092 Southern Blvd,San Antonio,Bexar,TX,78204,210-856-4979,210-634-2447,lorean.martabano@hotmail.com,http://www.hiramhoggpesq.com
Derick,Dhamer,Studer, Eugene A Esq,87163 N Main Ave,New York,New York,NY,10013,212-304-4515,212-225-9676,ddhamer@cox.net,http://www.studereugeneaesq.com
Kirk,Herritt,Hasting, H Duane Esq,88 15th Ave Ne,Vestal,Broome,NY,13850,607-407-3716,607-350-7690,kirk.herritt@aol.com,http://www.hastinghduaneesq.com
Kate,Keneipp,Davis, Maxon R Esq,33 N Michigan Ave,Green Bay,Brown,WI,54301,920-353-6377,920-355-1610,kate_keneipp@yahoo.com,http://www.davismaxonresq.com
Kaitlyn,Ogg,Garrison, Paul E Esq,2 S Biscayne Blvd,Baltimore,Baltimore City,MD,21230,410-665-4903,410-773-3862,kaitlyn.ogg@gmail.com,http://www.garrisonpauleesq.com
Lashawnda,Stuer,Rodriguez, J Christopher Esq,7422 Martin Ave #8,Toledo,Lucas,OH,43607,419-588-8719,419-399-1744,lstuer@cox.net,http://www.rodriguezjchristopheresq.com
Lavonna,Wolny,Linhares, Kenneth A Esq,5 Cabot Rd,Mc Lean,Fairfax,VA,22102,703-483-1970,703-892-2914,lavonna.wolny@hotmail.com,http://www.linhareskennethaesq.com
Margart,Meisel,Yeates, Arthur L Aia,868 State St #38,Cincinnati,Hamilton,OH,45251,513-617-2362,513-747-9603,margart_meisel@yahoo.com,http://www.yeatesarthurlaia.com
Kristofer,Bennick,Logan, Ronald J Esq,772 W River Dr,Bloomington,Monroe,IN,47404,812-368-1511,812-442-8544,kristofer.bennick@yahoo.com,http://www.loganronaldjesq.com
Kristel,Ehmann,Mccoy, Joy Reynolds Esq,92899 Kalakaua Ave,El Paso,El Paso,TX,79925,915-452-1290,915-300-6100,kristel.ehmann@aol.com,http://www.mccoyjoyreynoldsesq.com
Krissy,Rauser,Anderson, Mark A Esq,8728 S Broad St,Coram,Suffolk,NY,11727,631-443-4710,631-288-2866,krauser@cox.net,http://www.andersonmarkaesq.com
Wynell,Dorshorst,Haehnel, Craig W Esq,94290 S Buchanan St,Pacifica,San Mateo,CA,94044,650-473-1262,650-749-9879,wynell_dorshorst@dorshorst.org,http://www.haehnelcraigwesq.com
Sheron,Louissant,Potter, Brenda J Cpa,97 E 3rd St #9,Long Island City,Queens,NY,11101,718-976-8610,718-613-9994,sheron@aol.com,http://www.potterbrendajcpa.com
Rodolfo,Butzen,Minor, Cynthia A Esq,41 Steel Ct,Northfield,Rice,MN,55057,507-210-3510,507-590-5237,rodolfo@hotmail.com,http://www.minorcynthiaaesq.com
Zona,Colla,Solove, Robert A Esq,49440 Dearborn St,Norwalk,Fairfield,CT,06854,203-461-1949,203-938-2557,zona@hotmail.com,http://www.soloverobertaesq.com
Erick,Nievas,Soward, Anne Esq,45 E Acacia Ct,Chicago,Cook,IL,60624,773-704-9903,773-359-6109,erick_nievas@aol.com,http://www.sowardanneesq.com
Jennie,Drymon,Osborne, Michelle M Esq,63728 Poway Rd #1,Scranton,Lackawanna,PA,18509,570-218-4831,570-868-8688,jennie@cox.net,http://www.osbornemichellemesq.com
Ciara,Ventura,Johnson, Robert M Esq,53 W Carey St,Port Jervis,Orange,NY,12771,845-823-8877,845-694-7919,cventura@yahoo.com,http://www.johnsonrobertmesq.com
Dalene,Schoeneck,Sameshima, Douglas J Esq,910 Rahway Ave,Philadelphia,Philadelphia,PA,19102,215-268-1275,215-380-8820,dalene@schoeneck.org,http://www.sameshimadouglasjesq.com
Gertude,Witten,Thompson, John Randolph Jr,7 Tarrytown Rd,Cincinnati,Hamilton,OH,45217,513-977-7043,513-863-9471,gertude.witten@gmail.com,http://www.thompsonjohnrandolphjr.com
Glenn,Berray,Griswold, John E Esq,29 Cherry St #7073,Des Moines,Polk,IA,50315,515-370-7348,515-372-1738,gberray@gmail.com,http://www.griswoldjohneesq.com
Lenna,Newville,Brooks, Morris J Jr,987 Main St,Raleigh,Wake,NC,27601,919-623-2524,919-254-5987,lnewville@newville.com,http://www.brooksmorrisjjr.com
Cordelia,Storment,Burrows, Jon H Esq,393 Hammond Dr,Lafayette,Lafayette,LA,70506,337-566-6001,337-255-3427,cordelia_storment@aol.com,http://www.burrowsjonhesq.com
Teddy,Pedrozo,Barkan, Neal J Esq,46314 Route 130,Bridgeport,Fairfield,CT,06610,203-892-3863,203-918-3939,teddy_pedrozo@aol.com,http://www.barkannealjesq.com
Tasia,Andreason,Campbell, Robert A,4 Cowesett Ave,Kearny,Hudson,NJ,07032,201-920-9002,201-969-7063,tasia_andreason@yahoo.com,http://www.campbellroberta.com
Hubert,Walthall,Dee, Deanna,95 Main Ave #2,Barberton,Summit,OH,44203,330-903-1345,330-566-8898,hubert@walthall.org,http://www.deedeanna.com
Arthur,Farrow,Young, Timothy L Esq,28 S 7th St #2824,Englewood,Bergen,NJ,07631,201-238-5688,201-772-4377,arthur.farrow@yahoo.com,http://www.youngtimothylesq.com
Vilma,Berlanga,Wells, D Fred Esq,79 S Howell Ave,Grand Rapids,Kent,MI,49546,616-737-3085,616-568-4113,vberlanga@berlanga.com,http://www.wellsdfredesq.com
Billye,Miro,Gray, Francine H Esq,36 Lancaster Dr Se,Pearl,Rankin,MS,39208,601-567-5386,601-637-5479,billye_miro@cox.net,http://www.grayfrancinehesq.com
Catarina,Gleich,Terk, Robert E Esq,78 Maryland Dr #146,Denville,Morris,NJ,07834,973-210-3994,973-491-8723,catarina_gleich@hotmail.com,http://www.terkroberteesq.com
Virgie,Kiel,Cullen, Terrence P Esq,76598 Rd  I 95 #1,Denver,Denver,CO,80216,303-776-7548,303-845-5408,vkiel@hotmail.com,http://www.cullenterrencepesq.com
Hoa,Sarao,Kaplan, Joel S Esq,27846 Lafayette Ave,Oak Hill,Volusia,FL,32759,386-526-7800,386-599-7296,hoa@sarao.org,http://www.kaplanjoelsesq.com
Mari,Lueckenbach,Westbrooks, Nelson E Jr,1 Century Park E,San Diego,San Diego,CA,92110,858-793-9684,858-228-5683,mari_lueckenbach@yahoo.com,http://www.westbrooksnelsonejr.com
Clorinda,Heimann,Haughey, Charles Jr,105 Richmond Valley Rd,Escondido,San Diego,CA,92025,760-291-5497,760-261-4786,clorinda.heimann@hotmail.com,http://www.haugheycharlesjr.com
Caprice,Suell,Egnor, W Dan Esq,90177 N 55th Ave,Nashville,Davidson,TN,37211,615-246-1824,615-726-4537,caprice@aol.com,http://www.egnorwdanesq.com
Cecil,Lapage,Hawkes, Douglas D,4 Stovall St #72,Union City,Hudson,NJ,07087,201-693-3967,201-856-2720,clapage@lapage.com,http://www.hawkesdouglasd.com
Cassi,Wildfong,Cobb, James O Esq,26849 Jefferson Hwy,Rolling Meadows,Cook,IL,60008,847-633-3216,847-755-9041,cassi.wildfong@aol.com,http://www.cobbjamesoesq.com
Lonna,Diestel,Dimmock, Thomas J Esq,1482 College Ave,Fayetteville,Cumberland,NC,28301,910-922-3672,910-200-7912,lonna_diestel@gmail.com,http://www.dimmockthomasjesq.com
Nan,Koppinger,Shimotani, Grace T,88827 Frankford Ave,Greensboro,Guilford,NC,27401,336-370-5333,336-564-1492,nan@koppinger.com,http://www.shimotanigracet.com
Izetta,Dewar,Lisatoni, Jean Esq,2 W Scyene Rd #3,Baltimore,Baltimore City,MD,21217,410-473-1708,410-522-7621,idewar@dewar.com,http://www.lisatonijeanesq.com
Sharen,Bourbon,Mccaleb, John A Esq,62 W Austin St,Syosset,Nassau,NY,11791,516-816-1541,516-749-3188,sbourbon@yahoo.com,http://www.mccalebjohnaesq.com
Roslyn,Chavous,Mcrae, James L,63517 Dupont St,Jackson,Hinds,MS,39211,601-234-9632,601-973-5754,roslyn.chavous@chavous.org,http://www.mcraejamesl.com
Rasheeda,Sayaphon,Kummerer, J Michael Esq,251 Park Ave #979,Saratoga,Santa Clara,CA,95070,408-805-4309,408-997-7490,rasheeda@aol.com,http://www.kummererjmichaelesq.com
Alpha,Palaia,Stoffer, James M Jr,43496 Commercial Dr #29,Cherry Hill,Camden,NJ,08003,856-312-2629,856-513-7024,alpha@yahoo.com,http://www.stofferjamesmjr.com
Janey,Gabisi,Dobscha, Stephen F Esq,40 Cambridge Ave,Madison,Dane,WI,53715,608-967-7194,608-586-6912,jgabisi@hotmail.com,http://www.dobschastephenfesq.com
Gail,Similton,Johnson, Wes Esq,62 Monroe St,Thousand Palms,Riverside,CA,92276,760-616-5388,760-493-9208,gail_similton@similton.com,http://www.johnsonwesesq.com
Carlee,Boulter,Tippett, Troy M Ii,8284 Hart St,Abilene,Dickinson,KS,67410,785-347-1805,785-253-7049,carlee.boulter@hotmail.com,http://www.tippetttroymii.com
Jovita,Oles,Pagano, Philip G Esq,8 S Haven St,Daytona Beach,Volusia,FL,32114,386-248-4118,386-208-6976,joles@gmail.com,http://www.paganophilipgesq.com
